{
    "simple": {
        "llm_distribution": {
            "+0": 0.779,
            "+1": 0.195,
            "-1": 0.013,
            "-0": 0.013
        },
        "human_distribution": {
            "+0": 0.623,
            "+1": 0.182,
            "-0": 0.156,
            "-1": 0.039
        },
        "agreement_rate": 0.6363636363636364,
        "confusion_matrix": {
            "+0": {
                "+0": 41,
                "+1": 7,
                "-0": 0,
                "-1": 0,
                "All": 48
            },
            "+1": {
                "+0": 8,
                "+1": 6,
                "-0": 0,
                "-1": 0,
                "All": 14
            },
            "-0": {
                "+0": 9,
                "+1": 2,
                "-0": 1,
                "-1": 0,
                "All": 12
            },
            "-1": {
                "+0": 2,
                "+1": 0,
                "-0": 0,
                "-1": 1,
                "All": 3
            },
            "All": {
                "+0": 60,
                "+1": 15,
                "-0": 1,
                "-1": 1,
                "All": 77
            }
        }
    },
    "complete": {
        "llm_distribution": {
            "+0": 0.935,
            "+1": 0.039,
            "-0": 0.026
        },
        "human_distribution": {
            "+0": 0.623,
            "+1": 0.182,
            "-0": 0.156,
            "-1": 0.039
        },
        "agreement_rate": 0.6493506493506493,
        "confusion_matrix": {
            "+0": {
                "+0": 47,
                "+1": 1,
                "-0": 0,
                "All": 48
            },
            "+1": {
                "+0": 12,
                "+1": 2,
                "-0": 0,
                "All": 14
            },
            "-0": {
                "+0": 11,
                "+1": 0,
                "-0": 1,
                "All": 12
            },
            "-1": {
                "+0": 2,
                "+1": 0,
                "-0": 1,
                "All": 3
            },
            "All": {
                "+0": 72,
                "+1": 3,
                "-0": 2,
                "All": 77
            }
        }
    }
}